{"log_evidence": 1546.1266373433932, "total_samples": 120518, "unconverged_sample_size": 100, "time": "0:33:24.919250", "number_live_points": 300}