{"log_evidence": 273.6402526636066, "total_samples": 3893, "unconverged_sample_size": 100, "time": "0:00:30.443177", "number_live_points": 20}