{"log_evidence": 777.2923639456008, "total_samples": 136223, "unconverged_sample_size": 100, "time": "0:37:55.940237", "number_live_points": 300}