{"log_evidence": -218.33385193887926, "total_samples": 287730, "unconverged_sample_size": 100, "time": "4:38:29.122882", "number_live_points": 500}