{"log_evidence": 873.081041249059, "total_samples": 114498, "unconverged_sample_size": 100, "time": "0:32:20.309560", "number_live_points": 300}