{"log_evidence": -514.4920403753129, "total_samples": 456847, "unconverged_sample_size": 100, "time": "11:12:04.366611", "number_live_points": 500}