{"log_evidence": -516.9770110310878, "total_samples": 365370, "unconverged_sample_size": 100, "time": "9:26:14.162313", "number_live_points": 500}