{"log_evidence": 367.63987735241085, "total_samples": 131156, "unconverged_sample_size": 100, "time": "2:13:44.393754", "number_live_points": 500}