{"log_evidence": 387.8841611080571, "total_samples": 255466, "unconverged_sample_size": 100, "time": "4:38:36.972987", "number_live_points": 500}