{"log_evidence": 5.038486383455681, "total_samples": 13866, "unconverged_sample_size": 100, "time": "0:01:33.660844", "number_live_points": 80}