{"log_evidence": 279.82381383691035, "total_samples": 7430, "unconverged_sample_size": 100, "time": "0:00:54.388671", "number_live_points": 40}