{"log_evidence": 273.09116037819433, "total_samples": 3929, "unconverged_sample_size": 100, "time": "0:00:30.475734", "number_live_points": 20}