{"log_evidence": 3918.513126643245, "total_samples": 156150, "unconverged_sample_size": 100, "time": "3:49:28.823936", "number_live_points": 500}