{"log_evidence": 323.8834960834536, "total_samples": 266898, "unconverged_sample_size": 100, "time": "4:34:29.276290", "number_live_points": 500}