{"log_evidence": 114.76666729258272, "total_samples": 114015, "unconverged_sample_size": 100, "time": "1:42:21.389762", "number_live_points": 500}