{"log_evidence": 1207.8483369503836, "total_samples": 163312, "unconverged_sample_size": 100, "time": "0:49:55.683012", "number_live_points": 300}