{"log_evidence": 110.1665876733256, "total_samples": 2582, "unconverged_sample_size": 100, "time": "0:02:53.636358", "number_live_points": 40}