{"log_evidence": 228.9506546386288, "total_samples": 644154, "unconverged_sample_size": 100, "time": "6:06:33.563795", "number_live_points": 200}