{"log_evidence": 109.25468632180949, "total_samples": 3898, "unconverged_sample_size": 100, "time": "0:01:03.637317", "number_live_points": 40}