{"log_evidence": 732.602953030951, "total_samples": 120823, "unconverged_sample_size": 100, "time": "0:16:17.430222", "number_live_points": 200}