{"log_evidence": 107.51670082671096, "total_samples": 13812, "unconverged_sample_size": 100, "time": "0:13:15.563126", "number_live_points": 120}