{"log_evidence": -61.49840703429592, "total_samples": 16331, "unconverged_sample_size": 100, "time": "0:16:05.066081", "number_live_points": 150}