{"log_evidence": 232.45917783919265, "total_samples": 37802, "unconverged_sample_size": 100, "time": "0:38:08.362935", "number_live_points": 120}