{"log_evidence": 109.10473242905911, "total_samples": 12990, "unconverged_sample_size": 100, "time": "0:03:19.663027", "number_live_points": 100}