{"log_evidence": 156.64325331215412, "total_samples": 45504, "unconverged_sample_size": 100, "time": "0:43:48.970245", "number_live_points": 500}