{"log_evidence": -279.67768415230023, "total_samples": 244000, "unconverged_sample_size": 100, "time": "0:31:09.814766", "number_live_points": 200}