{"log_evidence": 194.05887092630007, "total_samples": 7223, "unconverged_sample_size": 100, "time": "0:00:56.072347", "number_live_points": 40}