{"log_evidence": 1811.3545550873514, "total_samples": 262550, "unconverged_sample_size": 100, "time": "4:53:41.384605", "number_live_points": 500}