{"log_evidence": 273.04930370106536, "total_samples": 8498, "unconverged_sample_size": 100, "time": "0:01:02.017475", "number_live_points": 40}