{"log_evidence": 1672.5135848507502, "total_samples": 80558, "unconverged_sample_size": 100, "time": "0:23:34.356254", "number_live_points": 300}