{"log_evidence": 1672.6893811575708, "total_samples": 103981, "unconverged_sample_size": 100, "time": "0:31:33.290281", "number_live_points": 300}