{"log_evidence": 271.9301958675585, "total_samples": 4029, "unconverged_sample_size": 100, "time": "0:00:31.115616", "number_live_points": 20}