{"log_evidence": 8.543291610895267, "total_samples": 16013, "unconverged_sample_size": 100, "time": "0:01:41.582221", "number_live_points": 150}