{"log_evidence": 150.6292720259092, "total_samples": 103358, "unconverged_sample_size": 100, "time": "1:46:27.886430", "number_live_points": 500}