{"log_evidence": 150.40450263419282, "total_samples": 60718, "unconverged_sample_size": 100, "time": "0:57:36.977848", "number_live_points": 500}