{"log_evidence": 1239.7202962940544, "total_samples": 84686, "unconverged_sample_size": 100, "time": "0:24:31.728119", "number_live_points": 300}