{"log_evidence": 5.056881660504055, "total_samples": 9967, "unconverged_sample_size": 100, "time": "0:00:59.562140", "number_live_points": 60}