{"log_evidence": -63960531.24417751, "total_samples": 5042, "unconverged_sample_size": 100, "time": "0:37:19.055027", "number_live_points": 40}