{"log_evidence": -217.4614469509001, "total_samples": 371, "unconverged_sample_size": 100, "time": "0:00:08.094740", "number_live_points": 5}