{"log_evidence": 775.0307037376729, "total_samples": 136927, "unconverged_sample_size": 100, "time": "0:38:29.184499", "number_live_points": 300}