{"log_evidence": 156.69897530842593, "total_samples": 27706, "unconverged_sample_size": 100, "time": "0:26:17.815895", "number_live_points": 300}