{"log_evidence": 109.63100138200821, "total_samples": 5856, "unconverged_sample_size": 100, "time": "0:01:32.451324", "number_live_points": 40}