{"log_evidence": 1264.5637933469297, "total_samples": 48001, "unconverged_sample_size": 100, "time": "0:15:07.273770", "number_live_points": 300}