{"log_evidence": 1267.7226890699053, "total_samples": 85208, "unconverged_sample_size": 100, "time": "0:31:18.297713", "number_live_points": 300}