{"log_evidence": 109.2710794103935, "total_samples": 4475, "unconverged_sample_size": 100, "time": "0:01:09.509150", "number_live_points": 40}