{"log_evidence": -538.0875458455415, "total_samples": 82923, "unconverged_sample_size": 100, "time": "0:09:34.222185", "number_live_points": 200}