{"log_evidence": 976.3890600703827, "total_samples": 135754, "unconverged_sample_size": 100, "time": "0:39:41.056519", "number_live_points": 300}