{"log_evidence": -279.18709094807366, "total_samples": 232804, "unconverged_sample_size": 100, "time": "0:29:08.218938", "number_live_points": 200}