{"log_evidence": 109.08783836637866, "total_samples": 10603, "unconverged_sample_size": 100, "time": "0:02:40.695983", "number_live_points": 80}