{"log_evidence": 266.2640546974948, "total_samples": 13582, "unconverged_sample_size": 100, "time": "0:46:37.770490", "number_live_points": 80}