{"log_evidence": 108.28394107807199, "total_samples": 6890, "unconverged_sample_size": 100, "time": "0:01:44.408495", "number_live_points": 40}