{"log_evidence": 273.0021832122326, "total_samples": 8182, "unconverged_sample_size": 100, "time": "0:01:02.228461", "number_live_points": 40}