{"log_evidence": 156.7570654279739, "total_samples": 15816, "unconverged_sample_size": 100, "time": "0:19:11.913232", "number_live_points": 200}