{"log_evidence": 109.51078368637387, "total_samples": 15797, "unconverged_sample_size": 100, "time": "0:03:49.833062", "number_live_points": 40}