{"log_evidence": -1231.11293754656, "total_samples": 40433, "unconverged_sample_size": 100, "time": "0:08:39.808039", "number_live_points": 300}