{"log_evidence": -1195.502533753376, "total_samples": 90467, "unconverged_sample_size": 100, "time": "0:19:52.179970", "number_live_points": 300}