{"log_evidence": 194.397222613886, "total_samples": 7349, "unconverged_sample_size": 100, "time": "0:00:56.914616", "number_live_points": 40}