{"log_evidence": -103.09378124767605, "total_samples": 55585, "unconverged_sample_size": 100, "time": "0:06:04.241465", "number_live_points": 200}