{"log_evidence": -149.39184757068688, "total_samples": 97378, "unconverged_sample_size": 100, "time": "0:10:47.019037", "number_live_points": 200}