{"log_evidence": 286.7335346113196, "total_samples": 7280, "unconverged_sample_size": 100, "time": "0:01:05.640049", "number_live_points": 40}