{"log_evidence": 6.9595790918514, "total_samples": 6178, "unconverged_sample_size": 100, "time": "0:00:45.451521", "number_live_points": 40}