{"log_evidence": 5.40535313164105, "total_samples": 7830, "unconverged_sample_size": 100, "time": "0:00:57.104791", "number_live_points": 60}