{"log_evidence": 5.171027361541786, "total_samples": 9890, "unconverged_sample_size": 100, "time": "0:01:01.749077", "number_live_points": 60}