{"log_evidence": -1.1911727876678155, "total_samples": 256193, "unconverged_sample_size": 100, "time": "4:41:37.082500", "number_live_points": 500}