{"log_evidence": 237.5609981352894, "total_samples": 40288, "unconverged_sample_size": 100, "time": "0:43:35.177601", "number_live_points": 120}