{"log_evidence": 109.46699471859736, "total_samples": 4601, "unconverged_sample_size": 100, "time": "0:01:11.334177", "number_live_points": 40}