{"log_evidence": 1042.3862890895841, "total_samples": 156025, "unconverged_sample_size": 100, "time": "0:44:33.459339", "number_live_points": 300}