{"log_evidence": 272.87606826831546, "total_samples": 3761, "unconverged_sample_size": 100, "time": "0:00:29.725880", "number_live_points": 20}