{"log_evidence": 5.767663455894591, "total_samples": 6550, "unconverged_sample_size": 100, "time": "0:00:43.971977", "number_live_points": 40}