{"log_evidence": 774.6405181446389, "total_samples": 147925, "unconverged_sample_size": 100, "time": "0:41:32.212412", "number_live_points": 300}