{"log_evidence": 143.97281513032192, "total_samples": 45447, "unconverged_sample_size": 100, "time": "0:39:38.948154", "number_live_points": 120}