{"log_evidence": 450.58857601566643, "total_samples": 20894, "unconverged_sample_size": 100, "time": "0:02:33.338348", "number_live_points": 200}