{"log_evidence": 273.00761166136, "total_samples": 3218, "unconverged_sample_size": 100, "time": "0:00:28.263544", "number_live_points": 20}