{"log_evidence": 250.4962905299815, "total_samples": 17684, "unconverged_sample_size": 100, "time": "0:17:04.534508", "number_live_points": 120}