{"log_evidence": 5.546355056996024, "total_samples": 4993, "unconverged_sample_size": 100, "time": "0:00:35.872646", "number_live_points": 40}