{"log_evidence": -1083.4420337122783, "total_samples": 149714, "unconverged_sample_size": 100, "time": "0:17:40.860641", "number_live_points": 200}