{"log_evidence": 272.01012753117664, "total_samples": 4011, "unconverged_sample_size": 100, "time": "0:00:30.840664", "number_live_points": 20}