{"log_evidence": 274.2554455600525, "total_samples": 17398, "unconverged_sample_size": 100, "time": "0:01:59.954836", "number_live_points": 80}