{"log_evidence": 167.23819312364387, "total_samples": 40915, "unconverged_sample_size": 100, "time": "0:36:39.420286", "number_live_points": 120}