{"log_evidence": 11.33082296450931, "total_samples": 10933, "unconverged_sample_size": 100, "time": "0:01:09.911053", "number_live_points": 60}