{"log_evidence": 82.4101003248804, "total_samples": 443, "unconverged_sample_size": 100, "time": "0:00:16.896479", "number_live_points": 10}