{"log_evidence": 273.182258034506, "total_samples": 9350, "unconverged_sample_size": 100, "time": "0:01:09.268266", "number_live_points": 40}