{"log_evidence": 3921.2084487547068, "total_samples": 132685, "unconverged_sample_size": 100, "time": "3:13:49.110059", "number_live_points": 500}