{"log_evidence": 7.511867443181524, "total_samples": 152998, "unconverged_sample_size": 100, "time": "0:42:20.929917", "number_live_points": 300}