{"log_evidence": -927.2715680251157, "total_samples": 153116, "unconverged_sample_size": 100, "time": "0:16:27.995551", "number_live_points": 200}