{"log_evidence": 108.92506475559388, "total_samples": 8792, "unconverged_sample_size": 100, "time": "0:08:29.940530", "number_live_points": 120}