{"log_evidence": 1508.5392634216657, "total_samples": 130400, "unconverged_sample_size": 100, "time": "0:37:08.653708", "number_live_points": 300}