{"log_evidence": 108.84555497906935, "total_samples": 3416, "unconverged_sample_size": 100, "time": "0:00:58.050115", "number_live_points": 40}