{"log_evidence": -30.19127722728797, "total_samples": 111333, "unconverged_sample_size": 100, "time": "1:40:05.305052", "number_live_points": 500}