{"log_evidence": -1833.6868487178026, "total_samples": 208949, "unconverged_sample_size": 100, "time": "2:35:56.710786", "number_live_points": 300}