{"log_evidence": 274.39880295622044, "total_samples": 3487, "unconverged_sample_size": 100, "time": "0:00:29.982923", "number_live_points": 20}