{"log_evidence": 5.444170556289265, "total_samples": 5077, "unconverged_sample_size": 100, "time": "0:00:36.658726", "number_live_points": 40}