{"log_evidence": 69.5201123025546, "total_samples": 67028, "unconverged_sample_size": 100, "time": "0:07:20.055670", "number_live_points": 200}