{"log_evidence": 344.38685689013, "total_samples": 235575, "unconverged_sample_size": 100, "time": "4:04:18.114255", "number_live_points": 500}