{"log_evidence": 1549.7295181997122, "total_samples": 63273, "unconverged_sample_size": 100, "time": "1:03:44.228227", "number_live_points": 500}