{"log_evidence": 1558.1284891705134, "total_samples": 174682, "unconverged_sample_size": 100, "time": "3:17:28.448100", "number_live_points": 500}