{"log_evidence": 229.61959732224582, "total_samples": 62240, "unconverged_sample_size": 100, "time": "1:04:08.273983", "number_live_points": 120}