{"log_evidence": 141.0129349253427, "total_samples": 400558, "unconverged_sample_size": 100, "time": "6:47:52.303479", "number_live_points": 500}