{"log_evidence": 141.05525440178062, "total_samples": 527021, "unconverged_sample_size": 100, "time": "8:51:36.551486", "number_live_points": 500}