{"log_evidence": 335.8620156692359, "total_samples": 214799, "unconverged_sample_size": 100, "time": "3:33:26.167401", "number_live_points": 500}