{"log_evidence": 244.80076368272012, "total_samples": 31053, "unconverged_sample_size": 100, "time": "0:34:12.281467", "number_live_points": 120}