{"log_evidence": 285.745340208183, "total_samples": 14177, "unconverged_sample_size": 100, "time": "0:02:00.587818", "number_live_points": 80}