{"log_evidence": 387.44760046828105, "total_samples": 24669, "unconverged_sample_size": 100, "time": "0:02:53.979174", "number_live_points": 200}