{"log_evidence": 197.8205911094869, "total_samples": 20128, "unconverged_sample_size": 100, "time": "0:20:08.939065", "number_live_points": 120}