{"log_evidence": 108.45586122233024, "total_samples": 3369, "unconverged_sample_size": 100, "time": "0:00:57.135908", "number_live_points": 40}