{"log_evidence": 107.76379613322054, "total_samples": 11818, "unconverged_sample_size": 100, "time": "0:02:54.458439", "number_live_points": 80}