{"log_evidence": 274.38472186818507, "total_samples": 3823, "unconverged_sample_size": 100, "time": "0:00:30.063170", "number_live_points": 20}