{"log_evidence": -286.30382725637975, "total_samples": 54538, "unconverged_sample_size": 100, "time": "0:05:45.962605", "number_live_points": 60}