{"log_evidence": 109.18791682420353, "total_samples": 8996, "unconverged_sample_size": 100, "time": "0:02:16.458641", "number_live_points": 80}