,Unnamed: 0,Experiment,phase1_time,phase1_likelihood,phase2_time,phase2_likelihood,phase3_time,phase3_likelihood
0,0.0,1-2_position2_effective_radius,61.38548481464386,213.43757225847253,2628.087117847055,264.2642391513357,0.0,0.0
0,,1-3_position2_RE_GAMA_sigma1,72.79833252355456,214.11751705871336,0.0,0.0,0.0,0.0
0,,1-4_position2_RE_GAMA_sigma1_mask1pt5,72.69279922544956,216.31997659023725,0.0,0.0,0.0,0.0
0,,1-5_position2_RE_GAMA_sigma1_mask1pt0,70.81361713632941,214.65238601547526,0.0,0.0,0.0,0.0
0,,1-4_position2_RE_GAMA_sigma1_mask1pt5,64.13643652945757,41.232623854483165,0.0,0.0,0.0,0.0
0,,1-5_position2_RE_GAMA_sigma1_mask1pt2,49.861724212765694,24.586925468325642,0.0,0.0,0.0,0.0
