,Experiment,phase1_time,phase1_likelihood,phase2_time,phase2_likelihood
0,1,184.1473221592605,414.2569303809311,5427.60854896158,166.595974197142
