,Unnamed: 0,Unnamed: 0.1,Experiment,phase1_time,phase1_likelihood,phase2_time,phase2_likelihood,phase3_time,phase3_likelihood
0,0.0,0.0,1,184.14732215926048,414.25693038093107,5427.60854896158,166.595974197142,,
1,0.0,,2,1047.5934441853315,-13227317.869295958,2242.74538989272,1547.8595727427514,17649.425880766474,1856.6434598894205
0,,,3,2.091067660599947,-435.2519577113674,2689.1529924888164,1085.8371107051275,21124.09139631875,632.3232084104184
