,Unnamed: 0,Experiment,phase1_time,phase1_likelihood,phase2_time,phase2_likelihood,phase3_time,phase3_likelihood
0,0.0,1,184.14732215926048,414.25693038093107,5427.60854896158,166.595974197142,,
0,,2,1047.5934441853315,-13227317.869295958,2242.7453898927197,1547.8595727427514,17649.425880766474,1856.6434598894205
