,Experiment,phase1_time,phase1_likelihood,phase2_time,phase2_likelihoodphase3_time,phase3_likelihood,phase2_likelihood,phase3_time
0,3,2.218064894899726,-612.6211211019754,0.729918222874403,,391.76381918924653,816.9245614052693,14587.900722503662
