,Experiment,phase1_time,phase1_likelihood,phase2_time,phase2_likelihoodphase3_time,phase3_likelihood,phase2_likelihood,phase3_time
0,2,636.2718803640455,-895.4115206141851,2249.204300528392,,372.7326176741219,815.5884787357886,12830.547084460035
