,Experiment,phase1_time,phase1_likelihood,phase2_time,phase2_likelihoodphase3_time,phase3_likelihood,phase2_likelihood,phase3_time
0,1,679.849611999467,-102.21805905621693,1543.0516067110002,,3942.486581191098,3124.566219416516,13793.926994970068
