{"log_evidence": 234.94211178873246, "total_samples": 74843, "unconverged_sample_size": 100, "time": "1:18:41.591711", "number_live_points": 150}