{"log_evidence": 12.593160791426374, "total_samples": 10904, "unconverged_sample_size": 100, "time": "0:03:41.645011", "number_live_points": 60}