{"log_evidence": 449.92901304377614, "total_samples": 20776, "unconverged_sample_size": 100, "time": "0:02:33.823657", "number_live_points": 200}