{"log_evidence": -251.193606227083, "total_samples": 199161, "unconverged_sample_size": 100, "time": "0:54:47.376469", "number_live_points": 300}