{"log_evidence": -124.9395778287222, "total_samples": 67375, "unconverged_sample_size": 100, "time": "0:08:55.189787", "number_live_points": 200}