{"log_evidence": 106.30399858162589, "total_samples": 15591, "unconverged_sample_size": 100, "time": "0:14:48.304302", "number_live_points": 120}