{"log_evidence": 6.384290723508718, "total_samples": 5042, "unconverged_sample_size": 100, "time": "0:00:35.165018", "number_live_points": 40}