{"log_evidence": -649.0519448938339, "total_samples": 76428, "unconverged_sample_size": 100, "time": "0:08:30.802664", "number_live_points": 200}