{"log_evidence": -281.29037725889043, "total_samples": 248202, "unconverged_sample_size": 100, "time": "0:31:23.521743", "number_live_points": 200}