{"log_evidence": 272.4001299855754, "total_samples": 14733, "unconverged_sample_size": 100, "time": "0:01:42.131363", "number_live_points": 60}