{"log_evidence": 422.48945189686196, "total_samples": 52315, "unconverged_sample_size": 100, "time": "0:06:36.563269", "number_live_points": 200}