{"log_evidence": 273.1362187397247, "total_samples": 8297, "unconverged_sample_size": 100, "time": "0:01:00.557548", "number_live_points": 40}