{"log_evidence": 272.6257850480985, "total_samples": 4863, "unconverged_sample_size": 100, "time": "0:00:36.313338", "number_live_points": 20}