{"log_evidence": 8.55165132465393, "total_samples": 20889, "unconverged_sample_size": 100, "time": "0:02:08.508174", "number_live_points": 200}