{"log_evidence": 109.13707692192582, "total_samples": 13018, "unconverged_sample_size": 100, "time": "0:12:32.397344", "number_live_points": 120}