{"log_evidence": 157.1389666066202, "total_samples": 24809, "unconverged_sample_size": 100, "time": "0:20:58.971943", "number_live_points": 300}