{"log_evidence": -186.51149533549108, "total_samples": 306214, "unconverged_sample_size": 100, "time": "1:26:58.899198", "number_live_points": 300}