{"log_evidence": 193.66887689805674, "total_samples": 6661, "unconverged_sample_size": 100, "time": "0:00:50.557884", "number_live_points": 40}