{"log_evidence": 156.98500278272385, "total_samples": 44234, "unconverged_sample_size": 100, "time": "0:37:37.787530", "number_live_points": 500}