{"log_evidence": 108.90682867078525, "total_samples": 3685, "unconverged_sample_size": 100, "time": "0:01:00.328118", "number_live_points": 40}