{"log_evidence": 272.3481937236126, "total_samples": 3012, "unconverged_sample_size": 100, "time": "0:00:26.956538", "number_live_points": 20}