{"log_evidence": 576.3778333619641, "total_samples": 315859, "unconverged_sample_size": 100, "time": "5:51:34.359036", "number_live_points": 500}