{"log_evidence": -13227379.521751951, "total_samples": 128143, "unconverged_sample_size": 100, "time": "0:17:16.740498", "number_live_points": 200}