{"log_evidence": -208.73491348791183, "total_samples": 333158, "unconverged_sample_size": 100, "time": "5:28:49.439264", "number_live_points": 500}