{"log_evidence": 1683.7411919674098, "total_samples": 214822, "unconverged_sample_size": 100, "time": "4:00:15.477390", "number_live_points": 500}