{"log_evidence": 7.304314899507131, "total_samples": 6358, "unconverged_sample_size": 100, "time": "0:00:44.501348", "number_live_points": 40}