{"log_evidence": 251.9799277144267, "total_samples": 50059, "unconverged_sample_size": 100, "time": "0:56:52.846989", "number_live_points": 120}