{"log_evidence": 489.5953182160723, "total_samples": 142454, "unconverged_sample_size": 100, "time": "0:39:51.794118", "number_live_points": 300}