{"log_evidence": -148.56610214172642, "total_samples": 97774, "unconverged_sample_size": 100, "time": "0:11:10.261272", "number_live_points": 200}