{"log_evidence": 240.4190847540153, "total_samples": 39501, "unconverged_sample_size": 100, "time": "0:41:09.375624", "number_live_points": 120}