{"log_evidence": 150.56781570069109, "total_samples": 98259, "unconverged_sample_size": 100, "time": "1:29:58.561793", "number_live_points": 500}