{"log_evidence": -201.3274516090447, "total_samples": 179773, "unconverged_sample_size": 100, "time": "0:51:26.990791", "number_live_points": 300}