{"log_evidence": 1232.0629341160898, "total_samples": 70469, "unconverged_sample_size": 100, "time": "1:03:50.141519", "number_live_points": 300}