{"log_evidence": -1565.452512799365, "total_samples": 113975, "unconverged_sample_size": 100, "time": "1:38:15.512300", "number_live_points": 300}