{"log_evidence": 108.9003739313682, "total_samples": 9685, "unconverged_sample_size": 100, "time": "0:02:26.767365", "number_live_points": 80}