{"log_evidence": 272.5837868101868, "total_samples": 14292, "unconverged_sample_size": 100, "time": "0:01:40.695971", "number_live_points": 60}