{"log_evidence": -23.235173792900195, "total_samples": 25856, "unconverged_sample_size": 100, "time": "0:19:40.586678", "number_live_points": 120}