{"log_evidence": -5764.971872115854, "total_samples": 82225, "unconverged_sample_size": 100, "time": "0:58:26.968106", "number_live_points": 500}