{"log_evidence": 109.23592130717044, "total_samples": 10313, "unconverged_sample_size": 100, "time": "0:02:34.553594", "number_live_points": 80}