{"log_evidence": -371.14660275979315, "total_samples": 68171, "unconverged_sample_size": 100, "time": "1:01:54.179542", "number_live_points": 500}