{"log_evidence": -325.5917616374, "total_samples": 245868, "unconverged_sample_size": 100, "time": "19:22:09.690253", "number_live_points": 500}