{"log_evidence": 109.35142722238245, "total_samples": 10049, "unconverged_sample_size": 100, "time": "0:02:25.775812", "number_live_points": 80}