{"log_evidence": 5.67154052172953, "total_samples": 10024, "unconverged_sample_size": 100, "time": "0:01:01.552709", "number_live_points": 60}