{"log_evidence": -280.3156539354998, "total_samples": 243542, "unconverged_sample_size": 100, "time": "0:29:46.910870", "number_live_points": 200}