{"log_evidence": 274.4090473668073, "total_samples": 3619, "unconverged_sample_size": 100, "time": "0:00:28.633739", "number_live_points": 20}