{"log_evidence": 258.42372043190176, "total_samples": 821388, "unconverged_sample_size": 100, "time": "11:55:38.556840", "number_live_points": 500}