{"log_evidence": 191.79471897462452, "total_samples": 8474, "unconverged_sample_size": 100, "time": "0:01:07.088244", "number_live_points": 40}