{"log_evidence": 274.18517866443545, "total_samples": 12984, "unconverged_sample_size": 100, "time": "0:01:32.717601", "number_live_points": 60}