{"log_evidence": 19.760908430766534, "total_samples": 7976, "unconverged_sample_size": 100, "time": "0:00:59.792683", "number_live_points": 40}