{"log_evidence": 108.86805769720178, "total_samples": 8029, "unconverged_sample_size": 100, "time": "0:02:05.796481", "number_live_points": 60}