{"log_evidence": 39.63103872659075, "total_samples": 39147, "unconverged_sample_size": 100, "time": "0:04:09.197004", "number_live_points": 200}