{"log_evidence": 274.16667488817603, "total_samples": 3674, "unconverged_sample_size": 100, "time": "0:00:29.023232", "number_live_points": 20}