{"log_evidence": 5.23223820878965, "total_samples": 5129, "unconverged_sample_size": 100, "time": "0:00:36.859708", "number_live_points": 40}