{"log_evidence": -538.8371739240288, "total_samples": 85901, "unconverged_sample_size": 100, "time": "0:09:59.948314", "number_live_points": 200}