{"log_evidence": -471.46038288466315, "total_samples": 60323, "unconverged_sample_size": 100, "time": "0:06:23.304090", "number_live_points": 200}