{"log_evidence": -471.11514107640966, "total_samples": 75417, "unconverged_sample_size": 100, "time": "0:08:22.458712", "number_live_points": 200}