{"log_evidence": 110.08843979726673, "total_samples": 3827, "unconverged_sample_size": 100, "time": "0:01:02.691270", "number_live_points": 40}