{"log_evidence": 110.28150363566171, "total_samples": 2526, "unconverged_sample_size": 100, "time": "0:02:22.651483", "number_live_points": 40}