{"log_evidence": -1122.1445676940473, "total_samples": 201268, "unconverged_sample_size": 100, "time": "2:30:41.474645", "number_live_points": 500}