{"log_evidence": -147.0392371689435, "total_samples": 16649, "unconverged_sample_size": 100, "time": "0:16:51.164196", "number_live_points": 150}