{"log_evidence": 109.61358825709522, "total_samples": 2781, "unconverged_sample_size": 100, "time": "0:00:52.026817", "number_live_points": 40}