{"log_evidence": -291.04927342529425, "total_samples": 106266, "unconverged_sample_size": 100, "time": "0:12:42.849598", "number_live_points": 200}