{"log_evidence": 272.27283827765297, "total_samples": 18137, "unconverged_sample_size": 100, "time": "0:03:47.260540", "number_live_points": 80}