{"log_evidence": 108.8967623173729, "total_samples": 4238, "unconverged_sample_size": 100, "time": "0:01:08.350806", "number_live_points": 40}