{"log_evidence": 338.60096589756057, "total_samples": 225118, "unconverged_sample_size": 100, "time": "4:03:20.667027", "number_live_points": 500}