{"log_evidence": 224.4746557636046, "total_samples": 55645, "unconverged_sample_size": 100, "time": "0:52:50.878792", "number_live_points": 500}