{"log_evidence": 449.6909618823763, "total_samples": 19947, "unconverged_sample_size": 100, "time": "0:02:21.651766", "number_live_points": 200}