{"log_evidence": 5.765369334290052, "total_samples": 5571, "unconverged_sample_size": 100, "time": "0:00:38.896426", "number_live_points": 40}