{"log_evidence": -648.5938816139313, "total_samples": 74770, "unconverged_sample_size": 100, "time": "0:08:14.831775", "number_live_points": 200}