{"log_evidence": 238.40676443835625, "total_samples": 40347, "unconverged_sample_size": 100, "time": "0:42:08.967543", "number_live_points": 120}