{"log_evidence": 3101.055318665569, "total_samples": 76267, "unconverged_sample_size": 100, "time": "0:25:30.782986", "number_live_points": 300}