{"log_evidence": 282.3686691106841, "total_samples": 7303, "unconverged_sample_size": 100, "time": "0:00:53.492710", "number_live_points": 40}