{"log_evidence": 263.4312343408157, "total_samples": 3944, "unconverged_sample_size": 100, "time": "0:00:31.123670", "number_live_points": 10}