{"log_evidence": 273.4131473762838, "total_samples": 4220, "unconverged_sample_size": 100, "time": "0:00:31.656067", "number_live_points": 20}