{"log_evidence": 722.6614598501883, "total_samples": 206829, "unconverged_sample_size": 100, "time": "4:52:32.419545", "number_live_points": 500}