{"log_evidence": 1802.4415522282707, "total_samples": 98848, "unconverged_sample_size": 100, "time": "0:28:54.933060", "number_live_points": 300}