{"log_evidence": 350.1508160920342, "total_samples": 235813, "unconverged_sample_size": 100, "time": "4:08:10.032588", "number_live_points": 500}