{"log_evidence": 126.44458220837392, "total_samples": 13302, "unconverged_sample_size": 100, "time": "0:11:05.233670", "number_live_points": 300}