{"log_evidence": 274.71397783020507, "total_samples": 3416, "unconverged_sample_size": 100, "time": "0:00:28.557481", "number_live_points": 20}