{"log_evidence": 7.445700274467499, "total_samples": 5905, "unconverged_sample_size": 100, "time": "0:00:43.148596", "number_live_points": 40}