{"log_evidence": 109.08165450154968, "total_samples": 5831, "unconverged_sample_size": 100, "time": "0:01:31.874447", "number_live_points": 60}