{"log_evidence": -938.4733938610627, "total_samples": 92146, "unconverged_sample_size": 100, "time": "0:10:27.107226", "number_live_points": 200}