{"log_evidence": 286.6722554586264, "total_samples": 10278, "unconverged_sample_size": 100, "time": "0:01:30.969566", "number_live_points": 60}