{"log_evidence": 273.4905467554505, "total_samples": 7962, "unconverged_sample_size": 100, "time": "0:01:01.754540", "number_live_points": 40}