{"log_evidence": 109.87958664409328, "total_samples": 8846, "unconverged_sample_size": 100, "time": "0:02:09.937694", "number_live_points": 80}