{"log_evidence": 109.07698190183412, "total_samples": 3773, "unconverged_sample_size": 100, "time": "0:01:03.823284", "number_live_points": 40}