{"log_evidence": 108.17021112618286, "total_samples": 14289, "unconverged_sample_size": 100, "time": "0:03:36.277644", "number_live_points": 100}