{"log_evidence": 1558.2757734658724, "total_samples": 199692, "unconverged_sample_size": 100, "time": "3:58:27.995842", "number_live_points": 500}