{"log_evidence": 125.86955288019985, "total_samples": 13934, "unconverged_sample_size": 100, "time": "0:11:28.935542", "number_live_points": 300}