{"log_evidence": -373.59974241185023, "total_samples": 60986, "unconverged_sample_size": 100, "time": "0:06:36.673359", "number_live_points": 200}