{"log_evidence": 109.64985367215502, "total_samples": 3454, "unconverged_sample_size": 100, "time": "0:00:59.547240", "number_live_points": 20}