{"log_evidence": -109.53254057638436, "total_samples": 64255, "unconverged_sample_size": 100, "time": "0:06:53.782742", "number_live_points": 200}