{"log_evidence": 450.564394021553, "total_samples": 22976, "unconverged_sample_size": 100, "time": "0:02:47.351981", "number_live_points": 200}