{"log_evidence": 109.4941780046035, "total_samples": 3839, "unconverged_sample_size": 100, "time": "0:01:01.774563", "number_live_points": 40}