{"log_evidence": -442.819046575226, "total_samples": 10247, "unconverged_sample_size": 100, "time": "0:01:01.365806", "number_live_points": 200}