{"log_evidence": 246.82096471560834, "total_samples": 56240, "unconverged_sample_size": 100, "time": "0:55:07.307852", "number_live_points": 120}