{"log_evidence": 1837.4029289753857, "total_samples": 165293, "unconverged_sample_size": 100, "time": "3:13:14.453792", "number_live_points": 500}