{"log_evidence": 272.9915223722132, "total_samples": 18402, "unconverged_sample_size": 100, "time": "0:02:12.751442", "number_live_points": 80}