{"log_evidence": -51.38854409396263, "total_samples": 32302, "unconverged_sample_size": 100, "time": "0:23:55.798557", "number_live_points": 120}