{"log_evidence": 270.2552298992162, "total_samples": 19903, "unconverged_sample_size": 100, "time": "0:02:14.358203", "number_live_points": 80}