{"log_evidence": 274.44555955066807, "total_samples": 3773, "unconverged_sample_size": 100, "time": "0:00:29.602756", "number_live_points": 20}