{"log_evidence": 733.6439608667645, "total_samples": 122694, "unconverged_sample_size": 100, "time": "0:16:55.229093", "number_live_points": 200}