{"log_evidence": 1340.6180999094363, "total_samples": 148222, "unconverged_sample_size": 100, "time": "2:37:08.424881", "number_live_points": 500}