{"log_evidence": 280.7872881875952, "total_samples": 6942, "unconverged_sample_size": 100, "time": "0:00:53.334481", "number_live_points": 40}