{"log_evidence": -939.6567548089153, "total_samples": 93671, "unconverged_sample_size": 100, "time": "0:10:47.476604", "number_live_points": 200}