{"log_evidence": 273.41780275144305, "total_samples": 7926, "unconverged_sample_size": 100, "time": "0:00:58.999252", "number_live_points": 40}