{"log_evidence": 775.5731429078181, "total_samples": 133736, "unconverged_sample_size": 100, "time": "0:37:15.152272", "number_live_points": 300}