{"log_evidence": -284.77815227972815, "total_samples": 22370, "unconverged_sample_size": 100, "time": "0:20:55.846246", "number_live_points": 150}