{"log_evidence": 274.2167210544571, "total_samples": 7721, "unconverged_sample_size": 100, "time": "0:00:57.155654", "number_live_points": 40}