{"log_evidence": 322.8152278524527, "total_samples": 1070657, "unconverged_sample_size": 100, "time": "20:01:30.501074", "number_live_points": 500}