{"log_evidence": 389.88847587399925, "total_samples": 58060, "unconverged_sample_size": 100, "time": "0:07:20.661308", "number_live_points": 200}