{"log_evidence": -969.3705823191841, "total_samples": 97119, "unconverged_sample_size": 100, "time": "0:10:56.834644", "number_live_points": 200}