{"log_evidence": -7983.182112633369, "total_samples": 344671, "unconverged_sample_size": 100, "time": "0:40:51.660709", "number_live_points": 200}