{"log_evidence": -507.43858543068376, "total_samples": 234672, "unconverged_sample_size": 100, "time": "1:05:23.445395", "number_live_points": 300}