{"log_evidence": 279.4873651768129, "total_samples": 8107, "unconverged_sample_size": 100, "time": "0:01:00.890416", "number_live_points": 40}