{"log_evidence": 108.76606822776435, "total_samples": 8783, "unconverged_sample_size": 100, "time": "0:02:14.559173", "number_live_points": 60}